Hisseler,Son,% Fark,Hacim (TL),Saat
A1CAP_A1_CAPITAL_YATIRIM,4.22,-9.44,39925922.68,18:10
A1YEN_A1_YENILENEBILIR_ENERJI,1.64,-8.38,29739144.59,18:10
AAGYO_AGAOGLU_GMYO,8.26,-3.95,36809292.29,18:10
ACSEL_ACIPAYAM_SELULOZ,89.8,-7.52,14555446.45,18:10
ADEL_ADEL_KALEMCILIK,25.9,-4.64,54636450.74,18:10
ADESE_ADESE_GAYRIMENKUL,0.69,-2.82,47988998.58,18:10
ADGYO_ADRA_GMYO,54,-5.10,126368300.35,18:10
AEFES_ANADOLU_EFES,18.69,-0.69,480267740.89,18:10
AFYON_AFYON_CIMENTO,11.23,-0.18,22046434.04,18:10
AGESA_AGESA_HAYAT_EMEKLILIK,231.4,-3.22,20697575.30,18:10
AGHOL_ANADOLU_GRUBU_HOLDING,34.1,-2.12,84991226.44,18:10
AGROT_AGROTECH_TEKNOLOJI,1.45,-5.23,46280568.54,18:10
AGYO_ATAKULE_GMYO,7.05,0,1249496.68,18:10
AHGAZ_AHLATCI_DOGALGAZ,44.24,0.09,266687343.50,18:10
AHSGY_AHES_GMYO,10.6,-9.94,28944396.76,18:10
AKBNK_AKBANK,70.65,-3.15,6064664311.65,18:10
AKCNS_AKCANSA,211.7,1.29,664872764.60,18:10
AKENR_AKENERJI,8.75,-5.30,40907406.90,18:10
AKFGY_AKFEN_GMYO,2.44,-2.01,26743083.62,18:10
AKFIS_AKFEN_INSAAT,15,3.73,231573931.52,18:10
AKFYE_AKFEN_YEN_ENERJI,3.51,-0.85,97998969.12,18:10
AKGRT_AKSIGORTA,5.32,-3.62,33264838.42,18:10
AKHAN_AKHAN_UN,25.14,-2.78,71698635.62,18:10
AKMGY_AKMERKEZ_GMYO,223.5,-1.50,4759753.10,18:10
AKSA_AKSA,10.66,-3.09,122760936.67,18:10
AKSEN_AKSA_ENERJI,69,-2.54,472629975.80,18:10
AKSGY_AKIS_GMYO,9.47,0,36993043.67,18:10
AKSUE_AKSU_ENERJI,18,-4.31,62788666.53,18:10
AKYHO_AKDENIZ_YATIRIM_HOLDING,1.68,-4.00,1247815.15,18:10
ALARK_ALARKO_HOLDING,105,-3.85,345427903.50,18:10
ALBRK_ALBARAKA_TURK,8.35,-2.00,102106691.21,18:10
ALBTN_ALBAYRAK_BETON_SANAYI,22.44,-5.95,110377543.98,18:10
ALCAR_ALARKO_CARRIER,636,-3.05,18038966.50,18:10
ALCTL_ALCATEL_LUCENT_TELETAS,92.9,-0.11,24737259.00,18:10
ALFAS_ALFA_SOLAR_ENERJI,32.98,-2.31,35463413.36,18:10
ALGYO_ALARKO_GMYO,3.05,-2.87,40562710.60,18:10
ALKA_ALKIM_KAGIT,6.57,-2.95,7834241.76,18:10
ALKIM_ALKIM_KIMYA,12.7,-2.98,22214831.26,18:10
ALKLC_ALTINKILIC_GIDA_VE_SUT,249.1,-9.99,330804.80,18:10
ALTINS1_DARPHANE_ALTIN_SERTIFIKASI,72.88,-0.57,1323859616.49,18:10
ALTNY_ALTINAY_SAVUNMA,13.05,-5.09,188733297.52,18:10
ALVES_ALVES_KABLO,0.59,-4.84,3956456.18,18:10
ANELE_ANEL_ELEKTRIK,69,-9.98,184506.00,18:10
ANGEN_ANATOLIA_TANI_VE_BIYOTEKNOLOJI,6.97,-4.65,6483672.77,18:10
ANHYT_ANADOLU_HAYAT_EMEK,100.5,-1.95,95104931.70,18:10
ANSGR_ANADOLU_SIGORTA,25.12,-2.71,47830281.46,18:10
ARASE_DOGU_ARAS_ENERJI,96.7,-3.30,19068755.20,18:10
ARCLK_ARCELIK,86.45,-2.10,77964391.90,18:10
ARDYZ_ARD_BILISIM_TEKNOLOJILERI,63.3,-5.52,286492154.45,18:10
ARENA_ARENA_BILGISAYAR,15.59,-5.05,5998284.82,18:10
ARFYE_ARF_BIO_YENILENEBILIR_ENERJI,13.41,-6.29,33080969.44,18:10
ARMGD_ARMADA_GIDA,133.6,9.96,505808608.50,18:10
ARSAN_ARSAN_HOLDING,3.66,-4.94,59001119.36,18:10
ARTMS_ARTEMIS_HALI,34.08,6.50,39742932.26,18:10
ARZUM_ARZUM_EV_ALETLERI,1.19,-4.80,8781952.35,18:10
ASELS_ASELSAN,367.75,-3.60,7452281467.00,18:10
ASGYO_ASCE_GMYO,10.01,1.32,59699871.72,18:10
ASTOR_ASTOR_ENERJI,260.5,-2.07,4950873037.25,18:10
ASUZU_ANADOLU_ISUZU,44.3,-1.56,7672444.34,18:10
ATAGY_ATA_GMYO,8.84,-1.78,608327.35,18:10
ATAKP_ATAKEY_PATATES,35.3,-1.89,11167641.62,18:10
ATATP_ATP_YAZILIM,237.7,-6.69,131209812.45,18:10
ATATR_ATA_TURIZM,6.09,-9.91,924784985.26,18:10
ATEKS_AKIN_TEKSTIL,95,2.81,1888198.45,18:10
ATLAS_ATLAS_YAT_ORT,5.36,-2.55,7601640.57,18:10
ATSYH_ATLANTIS_YATIRIM_HOLDING,78,-5.34,2636198.80,18:10
AVGYO_AVRASYA_GMYO,15.83,-1.12,11949201.43,18:10
AVHOL_AVRUPA_YATIRIM_HOLDING,26.12,-3.55,39209345.08,18:10
AVOD_AVOD_GIDA_VE_TARIM,3.21,-4.75,9524694.70,18:10
AVPGY_AVRUPAKENT_GMYO,53.75,-0.56,24219713.90,18:10
AVTUR_AVRASYA_PETROL_VE_TUR,10.4,-2.53,2491109.51,18:10
AYCES_ALTINYUNUS_CESME,402.5,0.31,37378455.00,18:10
AYDEM_AYDEM_ENERJI,23.52,-2.00,50013273.94,18:10
AYEN_AYEN_ENERJI,27.14,-2.30,7311569.26,18:10
AYES_AYES_CELIK_HASIR_VE_CIT,25.54,8.31,2931475.16,18:10
AYGAZ_AYGAZ,305.5,-1.13,201971506.75,18:10
AZTEK_AZTEK_TEKNOLOJI,3.36,-3.45,13759399.84,18:10
BAGFS_BAGFAS,23.02,-3.36,10769546.44,18:10
BAHKM_BAHADIR_KIMYA,172.8,-10.00,120489877.80,18:10
BAKAB_BAK_AMBALAJ,33.18,-2.35,3759639.80,18:10
BALAT_BALATACILAR_BALATACILIK,54.1,-9.98,1978043.90,18:10
BALSU_BALSU_GIDA,6.93,0.58,288262751.58,18:10
BANVT_BANVIT,133.3,-1.84,5500086.80,18:10
BARMA_BAREM_AMBALAJ,7.17,-3.89,2876745.55,18:10
BASCM_BASTAS_BASKENT_CIMENTO,11.01,-1.78,1370149.58,18:10
BASGZ_BASKENT_DOGALGAZ_GMYO,41.12,-0.92,6198968.42,18:10
BAYRK_BAYRAK_TABAN_SANAYI,2.91,-4.90,14378192.43,18:10
BEGYO_BATI_EGE_GMYO,2.8,-2.78,11194426.54,18:10
BERA_BERA_HOLDING,11.52,-4.87,86750062.10,18:10
BESLR_BESLER_GIDA,11.6,-3.73,20054063.41,18:10
BESTE_BEST_BRANDS_ENERJI,21.4,-5.98,83102333.20,18:10
BETAE_BETA_ENERJI_VE_TEKNOLOJI,59.3,-3.18,371679231.90,18:10
BEYAZ_BEYAZ_FILO,18.4,-6.07,15238628.13,18:10
BFREN_BOSCH_FREN_SISTEMLERI,110.4,-3.50,16719023.60,18:10
BIENY_BIEN_YAPI_URUNLERI,15.85,-4.69,18551441.63,18:10
BIGCH_BUYUK_SEFLER_BIGCHEFS,4,-3.85,6861607.71,18:10
BIGEN_BIRLESIM_GRUP_ENERJI,75.2,-9.99,5017945.60,18:10
BIGTK_BIG_MEDYA_TEKNOLOJI,146.8,-9.99,44001997.80,18:10
BIMAS_BIM_MAGAZALAR,422.75,-2.54,2513157093.25,18:10
BINBN_BIN_ULASIM_TEKNOLOJILERI,89.2,-9.99,77965779.15,18:10
BINHO_1000_YATIRIMLAR_HOL,6.94,-1.98,199419224.17,18:10
BIOEN_BIOTREND_CEVRE_VE_ENERJI,10.01,-5.30,122306747.18,18:10
BIZIM_BIZIM_MAGAZALARI,20.6,-2.37,2080268.26,18:10
BJKAS_BESIKTAS_FUTBOL_YAT,1.62,-4.71,353671004.41,18:10
BKRGY_BAKIRCI_GMYO,5.8,-5.23,73307287.41,18:10
BLCYT_BILICI_YATIRIM,1.79,9.82,15001479.80,18:10
BLUME_BLUME_METAL_KIMYA,37,2.89,118698385.32,18:10
BMSCH_BMS_CELIK_HASIR,8.8,-5.68,7845786.25,18:10
BMSTL_BMS_BIRLESIK_METAL,42.44,-0.61,134166262.22,18:10
BNTAS_BANTAS_AMBALAJ,5.29,-3.47,10948369.89,18:10
BOBET_BOGAZICI_BETON_SANAYI,16.45,-3.35,44572557.41,18:10
BORLS_BORLEASE_OTOMOTIV,2.03,-1.93,40083004.80,18:10
BORSK_BOR_SEKER,5.68,0.35,41488000.26,18:10
BOSSA_BOSSA,6.39,-0.47,8699309.83,18:10
BRISA_BRISA,71.35,-2.26,12555756.85,18:10
BRKO_BIRKO_MENSUCAT,6.36,-9.01,5037994.10,18:10
BRKSN_BERKOSAN_YALITIM,6.4,-5.33,1490736.26,18:10
BRKVY_BIRIKIM_VARLIK_YONETIM,57.35,-7.43,24130157.35,18:10
BRLSM_BIRLESIM_MUHENDISLIK,13.05,-1.51,67168352.16,18:10
BRMEN_BIRLIK_MENSUCAT,6.66,-10.00,4738062.00,18:10
BRSAN_BORUSAN_BORU_SANAYI,647,-3.07,804851528.50,18:10
BRYAT_BORUSAN_YAT_PAZ,1500.00,-4.03,88969379.00,18:10
BSOKE_BATICIM_CIMENTO,9.4,-9.96,112238427.50,18:10
BTCIM_BATICIM_BATI_ANADOLU,2.28,-3.80,733651122.65,18:10
BUCIM_BURSA_CIMENTO,5.05,-2.32,17713527.17,18:10
BULGS_BULLS_GSYO,13.84,-9.95,47842602.24,18:10
BURCE_BURCELIK,26.32,-4.91,34918981.50,18:10
BURVA_BURCELIK_VANA,459.75,-8.69,29209861.75,18:10
BVSAN_BULBULOGLU_VINC,78.6,-6.26,57965638.90,18:10
BYDNR_BAYDONER_RESTORANLARI,21.18,-0.19,8758811.24,18:10
CANTE_CAN2_TERMIK,1.13,-3.42,253785916.73,18:10
CASA_CASA_EMTIA_PETROL,52,-5.45,568250.80,18:10
CATES_CATES_ELEKTRIK,31,-7.57,132559562.56,18:10
CCOLA_COCA_COLA_ICECEK,77,-1.09,343249798.40,18:10
CELHA_CELIK_HALAT,27.3,2.40,118426155.62,18:10
CEMAS_CEMAS_DOKUM,3.29,-6.53,19454594.19,18:10
CEMTS_CEMTAS,7.95,-1.85,18656910.16,18:10
CEMZY_CEM_ZEYTIN,8.57,1.90,536164257.54,18:10
CEOEM_CEO_EVENT_MEDYA,22.2,-9.98,65243629.38,18:10
CGCAM_CAGDAS_CAM,22.24,-5.84,42342584.44,18:10
CIMSA_CIMSA,42.3,-1.03,259113177.42,18:10
CITAS_CITLEKCI_MAGAZACILIK_GIDA,93.05,9.99,1575003276.50,18:10
CLEBI_CELEBI,1382.00,-2.54,22646909.00,18:10
CMBTN_CIMBETON,1383.00,-4.88,28170646.00,18:10
CMENT_CIMENTAS,224.9,-0.71,470884.60,18:10
CONSE_CONSUS_ENERJI,1.75,-2.78,11795772.19,18:10
COSMO_COSMOS_YAT_HOLDING,89.95,-2.23,1466814.25,18:10
CRDFA_CREDITWEST_FAKTORING,11.07,-9.93,1049535.63,18:10
CRFSA_CARREFOURSA,249.8,-5.47,547496663.75,18:10
CUSAN_CUHADAROGLU_METAL,18.86,-3.63,10668488.01,18:10
CVKMD_CVK_MADEN,14.27,3.41,1010114926.41,18:10
CWENE_CW_ENERJI,24.42,-5.05,361685771.48,18:10
DAGI_DAGI_GIYIM,5.61,-8.03,61679388.17,18:10
DAPGM_DAP_GAYRIMENKUL,4.45,1.83,438549647.62,18:10
DARDL_DARDANEL,1.22,-3.94,14218962.55,18:10
DCTTR_DCT_TRADING_DIS_TICARET,3.56,-7.77,28735117.42,18:10
DENGE_DENGE_HOLDING,1.86,-4.62,25789214.84,18:10
DERHL_DERLUKS_YATIRIM_HOLDING,1.55,-5.49,14898098.40,18:10
DERIM_DERIMOD,27.98,-5.79,9962974.94,18:10
DESA_DESA_DERI,8.78,-2.44,12908610.41,18:10
DESPC_DESPEC_BILGISAYAR,30.36,-5.83,8828237.88,18:10
DEVA_DEVA_HOLDING,96,-5.33,35040626.15,18:10
DGATE_DATAGATE_BILGISAYAR,64.8,3.68,20704799.90,18:10
DGGYO_DOGUS_GMYO,27.52,-3.37,1555499.08,18:10
DGNMO_DOGANLAR_MOBILYA,4.5,-7.02,6092112.12,18:10
DIRIT_DIRITEKS_DIRILIS_TEKSTIL,21,-4.37,2006309.46,18:10
DITAS_DITAS_BDY,9.81,-9.92,115730641.39,18:10
DMLKTG_EMLAK_KONUT_DAMLA_KENT_GMS,6.81,-1.16,31087313.31,18:10
DMRGD_DMR_UNLU_MAMULLER,9.43,3.40,1100223255.09,18:10
DMSAS_DEMISAS_DOKUM,5.5,4.96,40336499.95,18:10
DNISI_DINAMIK_ISI_MAKINA_YALITIM,4.05,-2.41,9858956.47,18:10
DOAS_DOGUS_OTOMOTIV,155.4,-1.71,57516760.50,18:10
DOCO_DO-CO,10375.00,-0.24,41435940.00,18:10
DOFER_DOFER_YAPI_MALZEMELERI,21.58,-6.01,12858755.40,18:10
DOFRB_DOF_ROBOTIK,81.5,-4.96,151922094.45,18:10
DOGUB_DOGUSAN,28.6,-9.95,1866579.00,18:10
DOHOL_DOGAN_HOLDING,20.08,-0.79,185466219.42,18:10
DOKTA_DOKTAS_DOKUMCULUK,17.43,-9.69,26441310.21,18:10
DSTKF_DESTEK_FINANS_FAKTORING,1304.00,-9.94,755016.00,18:10
DUNYH_DUNYA_HOLDING,49.5,-10.00,25811626.50,18:10
DURDO_DURAN_DOGAN_BASIM,4.65,0.65,16823794.92,18:10
DURKN_DURUKAN_SEKERLEME,11.45,-9.91,35414989.42,18:10
DYOBY_DYO_BOYA,10.86,-3.21,9733605.62,18:10
DZGYO_DENIZ_GMYO,6.7,-1.76,12454333.51,18:10
EBEBK_EBEBEK_MAGAZACILIK,80.65,-2.48,50300058.85,18:10
ECILC_ECZACIBASI_ILAC,62.6,-1.80,242641244.20,18:10
ECOGR_ECOGREEN_ENERJI,30.18,-1.05,70121168.28,18:10
ECZYT_ECZACIBASI_YATIRIM,232.9,0.56,94275070.30,18:10
EDATA_E-DATA_TEKNOLOJI,8.19,-9.90,1085944.86,18:10
EDIP_EDIP_GAYRIMENKUL,32.14,1.20,44654423.32,18:10
EFOR_EFOR_YATIRIM,13.2,-7.43,2513489264.16,18:10
EGEEN_EGE_ENDUSTRI,5712.50,0.75,470201400.00,18:10
EGEGY_EGEYAPI_AVRUPA_GMYO,16.21,-0.31,73641462.47,18:10
EGEPO_NASMED_EGEPOL,6.94,-0.57,15207846.77,18:10
EGGUB_EGE_GUBRE,99.75,-2.40,30650836.35,18:10
EGPRO_EGE_PROFIL,33.42,-3.13,21048518.92,18:10
EGSER_EGE_SERAMIK,2.62,-3.32,2882121.92,18:10
EKDMR_EKINCILER_DEMIR_CELIK,31.6,-9.61,158458276.02,18:10
EKGYO_EMLAK_KONUT_GMYO,19.58,-1.61,1690679923.72,18:10
EKIM_EKIM_TURIZM,12.9,-7.33,144342881.04,18:10
EKIZ_EKIZ_KIMYA,46.5,3.33,914365.38,18:10
EKOS_EKOS_TEKNOLOJI,3.65,-5.44,28185068.13,18:10
EKSUN_EKSUN_GIDA,4.6,-1.92,5228428.29,18:10
ELITE_ELITE_NATUREL_ORGANIK_GIDA,20.66,-1.62,11226666.24,18:10
EMKEL_EMEK_ELEKTRIK,8.32,-3.37,29909047.58,18:10
EMNIS_EMINIS_AMBALAJ,144,0.21,1006425.30,18:10
EMPAE_EMPA_ELEKTRONIK,47.02,-3.73,172062328.72,18:10
ENDAE_ENDA_ENERJI_HOLDING,14.87,0.07,47579698.69,18:10
ENERY_ENERYA_ENERJI,13.04,0.08,790630622.16,18:10
ENJSA_ENERJISA_ENERJI,105.9,-2.93,190342814.20,18:10
ENKAI_ENKA_INSAAT,86.4,-2.32,886842151.45,18:10
ENPRA_ENPARA_BANK,41.88,-2.01,1814208.84,18:10
ENSRI_ENSARI_SINAI_YATIRIMLAR,3.2,-3.90,19217819.92,18:10
ENTRA_IC_ENTERRA_YEN_ENERJI,4.21,1.45,60961190.61,18:10
EPLAS_EGEPLAST,5.62,4.46,39366669.37,18:10
ERBOS_ERBOSAN,122.2,-3.40,6434005.00,18:10
ERCB_ERCIYAS_CELIK_BORU,37.12,-3.53,15056755.18,18:10
EREGL_EREGLI_DEMIR_CELIK,37.94,-1.56,3028700144.60,18:10
ERSU_ERSU_GIDA,14.07,-5.32,12574158.94,18:10
ESCAR_ESCAR_FILO,22.08,-9.95,15798158.88,18:10
ESCOM_ESCORT_TEKNOLOJI,4.39,-6.79,60872430.65,18:10
ESEN_ESENBOGA_ELEKTRIK,2.7,-3.91,51452282.15,18:10
ETILR_ETILER_GIDA,6.12,-2.70,56544644.62,18:10
ETYAT_EURO_TREND_YAT_ORT,9.15,9.98,12194662.10,18:10
EUHOL_EURO_YATIRIM_HOLDING,8.64,9.92,5679417.60,18:10
EUKYO_EURO_KAPITAL_YAT_ORT,9.54,-10.00,16868344.48,18:10
EUPWR_EUROPOWER_ENERJI,60.3,-6.00,927904874.50,18:10
EUREN_EUROPEN_ENDUSTRI,3.04,-2.88,62762973.09,18:10
EUYO_EURO_YAT_ORT,3.7,-0.80,2351996.84,18:10
EYGYO_EYG_GMYO,2.03,-2.87,8813388.05,18:10
FADE_FADE_GIDA,11.81,-4.76,15915150.60,18:10
FENER_FENERBAHCE_FUTBOL,2.43,-3.19,145307463.60,18:10
FLAP_FLAP_KONGRE_TOPLANTI_HIZ,12,-1.56,12063868.34,18:10
FMIZP_F-M_IZMIT_PISTON,276,-2.90,46119235.25,18:10
FONET_FONET_BILGI_TEKNOLOJILERI,4.04,-4.72,40161975.83,18:10
FORMT_FORMET_METAL_VE_CAM,1.01,-6.48,53542043.55,18:10
FORTE_FORTE_BILGI_ILETISIM,94.4,-5.03,77458254.10,18:10
FRIGO_FRIGO_PAK_GIDA,1.59,-4.22,27879366.65,18:10
FRMPL_FORMUL_PLASTIK_VE_METAL,22.74,-7.11,26658465.08,18:10
FROTO_FORD_OTOSAN,77.4,-1.40,834181703.50,18:10
FZLGY_FUZUL_GMYO,6.21,-10.00,87292352.50,18:10
GARAN_GARANTI_BANKASI,129.4,-3.29,3780068459.00,18:10
GARFA_GARANTI_FAKTORING,23.88,-2.29,8832017.02,18:10
GATEG_GATE_GROUP_TEKNOLOJI,175.2,9.98,6507202.00,18:10
GEDIK_GEDIK_Y_MEN_DEG,4.97,-4.79,93286339.61,18:10
GEDZA_GEDIZ_AMBALAJ,23,-3.36,5691251.78,18:10
GENIL_GEN_ILAC,6.75,0.15,503893246.52,18:10
GENKM_GENTAS_KIMYA,8,-1.36,39951955.83,18:10
GENTS_GENTAS,4.29,-4.45,15148456.39,18:10
GEREL_GERSAN_ELEKTRIK,26.6,5.06,263107210.02,18:10
GESAN_GIRISIM_ELEKTRIK_SANAYI,45.46,-5.33,803125657.46,18:10
GIPTA_GIPTA_OFIS_KIRTASIYE,32.82,-9.98,6205408.68,18:10
GLBMD_GLOBAL_MEN_DEG,10.67,-2.11,708150.22,18:10
GLCVY_GELECEK_VARLIK_YONETIMI,44,-4.10,14032203.46,18:10
GLRMK_GULERMAK_AGIR_SANAYI,143.4,-2.58,725599967.40,18:10
GLRYH_GULER_YAT_HOLDING,1.88,-1.05,12115395.69,18:10
GLYHO_GLOBAL_YAT_HOLDING,15.65,-0.70,55619740.96,18:10
GMTAS_GIMAT_MAGAZACILIK,49.02,0,78333429.48,18:10
GOKNR_GOKNUR_GIDA,15.43,-2.34,31329028.03,18:10
GOLDA_GOLDA_GIDA,8.73,-6.83,97640388.99,18:10
GOLTS_GOLTAS_CIMENTO,257.25,-2.74,24939530.25,18:10
GOODY_GOOD-YEAR,2.19,-3.10,16552436.72,18:10
GOZDE_GOZDE_GIRISIM,19.44,-1.67,21527855.43,18:10
GRNYO_GARANTI_YAT_ORT,8.09,-3.23,7247827.48,18:10
GRSEL_GUR-SEL_TURIZM_TASIMACILIK,268.75,-2.27,42976363.25,18:10
GRTHO_GRAINTURK_HOLDING,105.6,-9.97,891611234.70,18:10
GSDDE_GSD_DENIZCILIK,12.06,-1.55,27626622.14,18:10
GSDHO_GSD_HOLDING,4.04,-1.22,80285165.09,18:10
GSRAY_GALATASARAY_SPORTIF,0.88,-2.22,74878475.95,18:10
GUBRF_GUBRE_FABRIK,430.25,-4.02,1110790838.25,18:10
GUNDG_GUNDOGDU_GIDA,351.75,-9.98,221250.75,18:10
GWIND_GALATA_WIND_ENERJI,20.6,-2.46,46404859.38,18:10
GZNMI_GEZINOMI_SEYAHAT,33.2,-5.14,30819860.72,18:10
HALKB_T_HALK_BANKASI,45.2,-1.87,666730168.24,18:10
HATEK_HATAY_TEKSTIL,8.96,-9.95,25233502.12,18:10
HATSN_HATSAN_GEMI,35.42,0.40,296038413.42,18:10
HDFGS_HEDEF_GIRISIM,1.02,-9.73,1142961.00,18:10
HEDEF_HEDEF_HOLDING,12.71,-9.99,1445368.49,18:10
HEKTS_HEKTAS,2.16,-4.85,380586288.65,18:10
HKTM_HIDROPAR_HAREKET_KONTROL,10.25,-2.47,50561451.03,18:10
HLGYO_HALK_GMYO,4.06,-3.10,108419688.04,18:10
HOROZ_HOROZ_LOJISTIK,45.76,-2.93,31517695.28,18:10
HRKET_HAREKET_PROJE_TASIMACILIGI,8.08,1.89,1158205327.19,18:10
HTTBT_HITIT_BILGISAYAR,30.68,-1.48,8313054.64,18:10
HUBVC_HUB_GIRISIM,1.57,-4.85,3835385.68,18:10
HUNER_HUN_YENILENEBILIR_ENERJI,4.08,-0.73,132301727.98,18:10
HURGZ_HURRIYET_GZT,6.16,-2.22,25878457.42,18:10
ICBCT_ICBC_TURKEY_BANK,16.1,-4.90,13581920.42,18:10
ICUGS_ICU_GIRISIM,2.01,-9.87,51117533.62,18:10
IDGYO_IDEALIST_GMYO,2.25,-2.17,2494562.71,18:10
IEYHO_ISIKLAR_ENERJI_YAPI_HOL,110.2,-9.97,203980.20,18:10
IHAAS_IHLAS_HABER_AJANSI,28.56,-9.96,19997601.16,18:10
IHEVA_IHLAS_EV_ALETLERI,1.63,-2.98,1408418.56,18:10
IHGZT_IHLAS_GAZETECILIK,1.01,-6.48,26208759.93,18:10
IHLAS_IHLAS_HOLDING,0.93,-3.13,64610674.97,18:10
IHLGM_IHLAS_GAYRIMENKUL,1.26,-5.97,25313752.19,18:10
IHYAY_IHLAS_YAYIN_HOLDING,1.03,-4.63,2841107.62,18:10
IMASM_IMAS_MAKINA,1.65,-6.25,19970612.76,18:10
INDES_INDEKS_BILGISAYAR,10.36,-3.45,25811692.08,18:10
INFO_INFO_YATIRIM,1.18,-9.92,1843387.74,18:10
INGRM_INGRAM_BILISIM,313.75,-2.33,5210944.00,18:10
INTEK_INNOSA_TEKNOLOJI,184.7,2.27,962033.90,18:10
INTEM_INTEMA,214.5,-0.92,4881929.40,18:10
INTET_INTETRA_TEKNOLOJI,50.8,-2.40,375661022.01,18:10
INVEO_INVEO_YATIRIM_HOLDING,6.02,-3.68,89358772.55,18:10
INVES_INVESTCO_HOLDING,715,-3.90,35792472.50,18:10
ISATR_IS_BANKASI_(A),4950000.00,0,0,18:10
ISBIR_ISBIR_HOLDING,60,-5.66,1151854.65,18:10
ISBTR_IS_BANKASI_(B),446487.50,-0.00,446487.50,18:10
ISCTR_IS_BANKASI_(C),13.2,-3.23,5100179783.22,18:10
ISDMR_ISKENDERUN_DEMIR_CELIK,62.45,-1.03,183301113.85,18:10
ISFIN_IS_FINKIR,18.23,-3.03,25396901.06,18:10
ISGSY_IS_GIRISIM,13.42,-3.73,41744914.16,18:10
ISGYO_IS_GMYO,23.84,-1.73,8714187.80,18:10
ISKPL_ISIK_PLASTIK,3.13,-9.80,126944857.51,18:10
ISKUR_IS_BANKASI_(KUR),4125000.00,0,0,18:10
ISMEN_IS_Y_MEN_DEG,32.3,-2.83,101709254.76,18:10
ISSEN_ISBIR_SENTETIK_DOKUMA,5.56,-6.24,6094989.01,18:10
ISVEA_ISVEA_SERAMIK_VE_BANYO,46.58,-9.99,257820.30,18:10
ISYAT_IS_YAT_ORT,7.01,1.59,13650680.53,18:10
IZENR_IZDEMIR_ENERJI,4,-3.61,113936135.74,18:10
IZFAS_IZMIR_FIRCA,24.44,-9.95,5531016.40,18:10
IZINV_IZ_YATIRIM_HOLDING,32.52,-4.07,6218325.04,18:10
IZMDC_IZMIR_DEMIR_CELIK,7.23,-1.36,36520520.14,18:10
JANTS_JANTSA_JANT_SANAYI,14.37,-3.56,18230061.64,18:10
KAPLM_KAPLAMIN,160.4,-9.99,5823322.00,18:10
KARCL_KARDEMIR_CELIK,111.6,-10.00,3526448.40,18:10
KAREL_KAREL_ELEKTRONIK,6.2,-2.36,73033248.48,18:10
KARSN_KARSAN_OTOMOTIV,9.34,-3.71,163009926.31,18:10
KARTN_KARTONSAN,107,-3.95,62088327.30,18:10
KATMR_KATMERCILER_EKIPMAN,1.56,-4.88,76437862.88,18:10
KAYSE_KAYSERI_SEKER_FABRIKASI,3.33,-0.60,42814198.11,18:10
KBORU_KUZEY_BORU,12.87,-4.24,450470979.97,18:10
KCAER_KOCAER_CELIK,11.01,-4.09,95403052.79,18:10
KCHOL_KOC_HOLDING,216,-2.31,4121492020.30,18:10
KENT_KENT_GIDA,290,-2.85,1008625.25,18:10
KERVN_KERVANSARAY_YAT_HOLDING,7.87,-6.31,6522883.74,18:10
KFEIN_KAFEIN_YAZILIM,6.09,-1.93,16572173.31,18:10
KGYO_KORAY_GMYO,7.75,-9.99,18907752.50,18:10
KIMMR_KIM_MARKET-ERSAN_ALISVERIS,11.27,-2.09,6856991.29,18:10
KLGYO_KILER_GMYO,3.75,-4.58,37026252.78,18:10
KLKIM_KALEKIM_KIMYEVI_MADDELER,23.02,-2.87,22035881.08,18:10
KLMSN_KLIMASAN_KLIMA,22.26,-2.96,14949380.68,18:10
KLNMA_T_KALKINMA_BANK,8.26,-1.43,839995.08,18:10
KLRHO_KILER_HOLDING,27.82,-9.97,7403208.02,18:10
KLSER_KALESERAMIK,19.69,-1.55,13440790.64,18:10
KLSYN_KOLEKSIYON_MOBILYA,14,-0.50,29772405.64,18:10
KLYPV_KALYON_GUNES_TEKNOLOJILERI,52.6,-4.36,111013241.90,18:10
KMPUR_KIMTEKS_POLIURETAN,16.05,-2.13,11460526.15,18:10
KNFRT_KONFRUT_TARIM,10.41,-8.12,24226379.57,18:10
KOCMT_KOC_METALURJI,3.03,9.78,475484455.81,18:10
KONKA_KONYA_KAGIT,7.35,-5.16,14564779.07,18:10
KONTR_KONTROLMATIK_TEKNOLOJI,2.3,-9.45,15718179.60,18:10
KONYA_KONYA_CIMENTO,3785.00,-3.57,95610007.50,18:10
KOPOL_KOZA_POLYESTER,3.41,-5.01,31646543.40,18:10
KORDS_KORDSA_TEKNIK_TEKSTIL,2.99,-1.97,41927443.48,18:10
KOTON_KOTON_MAGAZACILIK,10.82,-2.87,8010595.37,18:10
KPEKS_KAPEKS_KIMYA,57.4,-9.46,1088097222.25,18:10
KRDMA_KARDEMIR_(A),43.12,-0.42,342673991.22,18:10
KRDMB_KARDEMIR_(B),71.7,9.97,478492380.60,18:10
KRDMD_KARDEMIR_(D),46.2,-1.03,1726513023.68,18:10
KRGYO_KORFEZ_GMYO,3.01,-8.51,40997235.77,18:10
KRONT_KRON_TEKNOLOJI,20.28,7.42,27467145.54,18:10
KRPLS_KOROPLAST_TEMIZLIK_AMBALAJ,11.4,-8.43,43582034.99,18:10
KRSTL_KRISTAL_KOLA,7.79,-2.75,24332733.55,18:10
KRTEK_KARSU_TEKSTIL,6.58,4.61,11202628.99,18:10
KRVGD_KERVAN_GIDA,2.17,3.33,49527312.53,18:10
KSTUR_KUSTUR_KUSADASI_TURIZM,2000.00,-0.99,1403326.00,18:10
KTLEV_KATILIMEVIM_TAS_FIN,14.62,-9.98,19723958.96,18:10
KTSKR_KUTAHYA_SEKER_FABRIKASI,61.45,-0.89,15392442.15,18:10
KUTPO_KUTAHYA_PORSELEN,68.65,-3.51,19080293.15,18:10
KUVVA_KUVVA_GIDA,108.2,-9.98,25479066.10,18:10
KUYAS_KUYAS_YATIRIM,33.42,-9.92,2611348586.84,18:10
KZBGY_KIZILBUK_GYO,1.44,-3.36,28547072.49,18:10
KZGYO_KUZUGRUP_GMYO,15.32,-4.25,46958109.06,18:10
LIDER_LDR_TURIZM,10.37,-9.98,4629883.53,18:10
LIDFA_LIDER_FAKTORING,1.59,-3.05,16854101.61,18:10
LILAK_LILA_KAGIT,25.42,-0.39,126507205.34,18:10
LINK_LINK_BILGISAYAR,3.83,-7.26,60167911.76,18:10
LKMNH_LOKMAN_HEKIM_SAGLIK,11.69,-3.47,12895395.87,18:10
LMKDC_LIMAK_DOGU_ANADOLU,22.2,-2.46,56554437.08,18:10
LOGO_LOGO_YAZILIM,139.8,-2.58,76887893.90,18:10
LRSHO_LORAS_HOLDING,2.02,-0.49,14033411.27,18:10
LUKSK_LUKS_KADIFE,66.4,-2.35,4715836.15,18:10
LXGYO_LUXERA_GMYO,6.61,-5.57,37527451.62,18:10
LYDHO_LYDIA_HOLDING,61.75,-9.99,2254430.75,18:10
LYDYE_LYDIA_YESIL_ENERJI,6130.00,-9.99,827550.00,18:10
MAALT_MARMARIS_ALTINYUNUS,915,-1.61,46052128.00,18:10
MACKO_MACKOLIK_INTERNET_HIZMETLERI,27.02,-2.74,19786013.24,18:10
MAGEN_MARGUN_ENERJI,17.9,-9.96,9144053.90,18:10
MAKIM_MAKIM_MAKINE,12.75,-1.92,7409473.61,18:10
MAKTK_MAKINA_TAKIM,6.8,-5.56,11799566.41,18:10
MANAS_MANAS_ENERJI_YONETIMI,16.02,-10.00,466678.62,18:10
MARBL_TUREKS_TURUNC_MADENCILIK,9.31,-6.90,10346521.61,18:10
MARMR_MARMARA_HOLDING,1.53,-3.77,39307958.47,18:10
MARTI_MARTI_OTEL,1.47,-9.82,2840358.99,18:10
MASFN_MASFEN_ENERJI,38.28,-0.73,129682935.18,18:10
MAVI_MAVI_GIYIM,37.52,-3.25,224574612.54,18:10
MCARD_METROPAL_KURUMSAL_HIZMETLER,88.55,-6.20,132613385.15,18:10
MEDTR_MEDITERA_TIBBI_MALZEME,18.99,-4.57,3210770.21,18:10
MEGAP_MEGA_POLIETILEN,1.35,-3.57,771997.71,18:10
MEGMT_MEGA_METAL,3.57,0.28,340346323.69,18:10
MEKAG_MEKA_GLOBAL_MAKINE,2.2,-4.35,9551200.97,18:10
MEPET_METRO_PETROL_VE_TESISLERI,23.06,5.30,27707345.86,18:10
MERCN_MERCAN_KIMYA,14.3,-5.92,85655013.21,18:10
MERIT_MERIT_TURIZM,14.05,-2.63,17565830.50,18:10
MERKO_MERKO_GIDA,0.97,-3.96,9522535.01,18:10
METEN_METGUN_ENERJI,18.05,-0.17,161946688.26,18:10
METRO_METRO_HOLDING,6.49,-4.56,36187538.29,18:10
MEYSU_MEYSU_GIDA,8.4,-3.23,71030322.01,18:10
MGROS_MIGROS_TICARET,528.5,-1.58,1242444867.00,18:10
MHRGY_MHR_GMYO,1.8,-3.23,5197538.02,18:10
MIATK_MIA_TEKNOLOJI,24.8,9.93,921064724.28,18:10
MMCAS_MMC_SAN_VE_TIC_YAT,18.63,-10.00,7897516.53,18:10
MNDRS_MENDERES_TEKSTIL,9.71,-3.09,27816394.04,18:10
MNDTR_MONDI_TURKEY,4.17,-3.25,3223999.15,18:10
MOBTL_MOBILTEL_ILETISIM,10.35,0.10,43095036.10,18:10
MOGAN_MOGAN_ENERJI,8.83,-1.89,101845263.88,18:10
MOPAS_MOPAS_MARKETCILIK,20.08,-2.71,21796512.12,18:10
MPARK_MLP_SAGLIK,426.5,-1.56,182239626.00,18:10
MRGYO_MARTI_GMYO,1.15,-9.45,88931478.78,18:10
MRSHL_MARSHALL,1505.00,-2.27,58373542.00,18:10
MSGYO_MISTRAL_GMYO,4.84,-2.22,5797112.04,18:10
MTRKS_MATRIKS_FINANSAL_TEKNOLOJILER,22.22,-1.77,14330645.68,18:10
MTRYO_METRO_YAT_ORT,8.46,-3.86,2287032.48,18:10
MZHLD_MAZHAR_ZORLU_HOLDING,4.64,-2.32,1972574.25,18:10
NATEN_NATUREL_ENERJI,4.24,-4.93,14426115.63,18:10
NETAS_NETAS_TELEKOM,78.75,1.16,109302097.65,18:10
NETCD_NETCAD_YAZILIM,86.25,-3.42,135280485.70,18:10
NETGL_NET_GLOBAL_ENDUSTRIYEL_YAT,24.78,-9.96,690965470.44,18:10
NIBAS_NIGBAS_NIGDE_BETON,3.23,-2.42,21710353.12,18:10
NTGAZ_NATURELGAZ,10.45,-1.69,20441128.67,18:10
NTHOL_NET_HOLDING,36.86,-3.61,68632326.64,18:10
NUGYO_NUROL_GMYO,7.63,-2.80,6554605.07,18:10
NUHCM_NUH_CIMENTO,207.1,0.88,15619633.80,18:10
OBAMS_OBA_MAKARNACILIK,4.41,-1.56,65061970.83,18:10
OBASE_OBASE_BILGISAYAR,26.1,-9.00,14955276.90,18:10
ODAS_ODAS_ELEKTRIK,6.85,-0.72,312455042.73,18:10
ODINE_ODINE_TEKNOLOJI,303.75,-10.00,516375.00,18:10
OFSYM_OFIS_YEM_GIDA,58.6,-1.43,30273703.85,18:10
ONCSM_ONCOSEM_ONKOLOJIK_SISTEMLER,81,-3.97,271351431.80,18:10
ONRYT_ONUR_TEKNOLOJI,10.36,-3.00,33348631.24,18:10
ORCAY_ORCAY_ORTAKOY_CAY_SANAYI,2.46,-3.53,3879901.08,18:10
ORGE_ORGE_ENERJI_ELEKTRIK,22.56,-1.48,146883673.54,18:10
ORMA_ORMA_ORMAN_MAHSULLERI,143.4,8.64,1550590.20,18:10
ORZAX_ORZAKS_ILAC,74.3,-3.00,111909440.50,18:10
OSMEN_OSMANLI_MENKUL,5.24,-6.09,13155048.83,18:10
OSTIM_OSTIM_ENDUSTRIYEL_YAT,1.34,-4.29,12262294.71,18:10
OTKAR_OTOKAR,306,-3.09,101449877.00,18:10
OTTO_OTTO_HOLDING,92,0.82,43082713.50,18:10
OYAKC_OYAK_CIMENTO,20.9,-1.23,298921566.96,18:10
OYAYO_OYAK_YAT_ORT,36.42,-4.76,2564376.62,18:10
OYLUM_OYLUM_SINAI_YATIRIMLAR,6,-4.46,2107256.88,18:10
OYYAT_OYAK_YATIRIM_MENKUL,30.06,-2.97,48639263.42,18:10
OZATD_OZATA_DENIZCILIK,2388.00,-9.97,291336.00,18:10
OZGYO_OZDERICI_GMYO,1.61,-5.29,18826687.29,18:10
OZKGY_OZAK_GMYO,12.18,-1.38,40735782.76,18:10
OZRDN_OZERDEN_AMBALAJ,22,-5.34,6665388.50,18:10
OZSUB_OZSU_BALIK,37.92,-2.87,66251180.12,18:10
OZYSR_OZYASAR_TEL,11.22,-3.69,22766487.78,18:10
PAGYO_PANORA_GMYO,116.8,-5.96,8817845.70,18:10
PAHOL_PASIFIK_HOLDING,0.96,-3.03,166466872.63,18:10
PAMEL_PAMEL_ELEKTRIK,49.22,-5.26,11591691.88,18:10
PAPIL_PAPILON_SAVUNMA,8.15,-6.75,40265998.72,18:10
PARSN_PARSAN,61,-3.48,11872619.70,18:10
PASEU_PASIFIK_EURASIA_LOJISTIK,36.42,-9.99,17482474.08,18:10
PATEK_PASIFIK_TEKNOLOJI,15.91,4.46,595960546.02,18:10
PCILT_PC_ILETISIM_MEDYA,31.08,0.78,39984076.44,18:10
PEKGY_PEKER_GMYO,5.62,-9.94,2730960.32,18:10
PENGD_PENGUEN_GIDA,7.67,-2.79,43510738.40,18:10
PENTA_PENTA_TEKNOLOJI_URUNLERI_DAGITIM,10.23,-3.31,17809983.82,18:10
PETKM_PETKIM,22,-4.35,2862763682.60,18:10
PETUN_PINAR_ET_VE_UN,10.5,-3.31,34614225.42,18:10
PGSUS_PEGASUS,145.7,-3.06,787543473.40,18:10
PINSU_PINAR_SU,9.21,1.66,74047871.01,18:10
PKART_PLASTIKKART,87.5,-3.37,18208082.25,18:10
PKENT_PETROKENT_TURIZM,98.25,-5.26,11828272.10,18:10
PLTUR_PLATFORM_TURIZM,16.18,-4.71,29453154.47,18:10
PNLSN_PANELSAN_CATI_CEPHE,33.52,-1.30,9197893.86,18:10
PNSUT_PINAR_SUT,10.5,-3.67,51284820.73,18:10
POLHO_POLISAN_HOLDING,18.8,-3.54,17259443.07,18:10
POLTK_POLITEKNIK_METAL,3175.00,-4.51,18194472.50,18:10
PRDGS_PARDUS_GIRISIM,3.95,-2.47,13786587.50,18:10
PRKAB_TURK_PRYSMIAN_KABLO,26.12,-2.54,9406478.64,18:10
PRKME_PARK_ELEKMADENCILIK,14.79,-6.39,20997703.34,18:10
PRZMA_PRIZMA_PRESS_MATBAACILIK,33.48,-10.00,92639.16,18:10
PSDTC_PERGAMON_DIS_TICARET,93.55,-8.01,44303324.65,18:10
PSGYO_PASIFIK_GMYO,1.89,0.53,206299287.31,18:10
QNBFK_QNB_FINANSAL_KIRALAMA,36.62,-2.19,608822.44,18:10
QNBTR_QNB_BANK,166,0.97,1171019.00,18:10
QUAGR_QUA_GRANITE_HAYAL_YAPI,2.06,-9.65,86647909.25,18:10
QUICK_QUICK_SIGORTA,44.14,-9.99,235045612.84,18:10
RALYH_RAL_YATIRIM_HOLDING,130,-9.97,3795480.00,18:10
RAYSG_RAY_SIGORTA,128.6,-5.99,17739156.00,18:10
REEDR_REEDER_TEKNOLOJI,4.03,0,148494797.52,18:10
RGYAS_RONESANS_GAYRIMENKUL_YAT,195.1,-1.27,184445061.70,18:10
RNPOL_RAINBOW_POLIKARBONAT,1.99,2.05,4985770.43,18:10
RODRG_RODRIGO_TEKSTIL,17.5,-2.23,1888925.55,18:10
RTALB_RTA_LABORATUVARLARI,1.98,-6.60,31621718.89,18:10
RUBNS_RUBENIS_TEKSTIL,22.32,-6.77,63209016.80,18:10
RUZYE_RUZY_MADENCILIK_VE_ENERJI,5.22,-6.45,21417314.76,18:10
RYGYO_REYSAS_GMYO,49.26,-0.12,78005868.27,18:10
RYSAS_REYSAS_LOJISTIK,27.26,0.89,318332855.92,18:10
SAFKR_SAFKAR_EGE_SOGUTMACILIK,10.93,1.02,33832892.25,18:10
SAHOL_SABANCI_HOLDING,88.2,-3.18,2260077943.50,18:10
SAMAT_SARAY_MATBAACILIK,4.28,-5.93,3201166.04,18:10
SANEL_SANEL_MUHENDISLIK,43.18,-0.78,10290377.56,18:10
SANFM_SANIFOAM_ENDUSTRI,4.71,-3.09,50114610.93,18:10
SANKO_SANKO_PAZARLAMA,17.88,-2.40,5217618.93,18:10
SARAE_SA-RA_ENERJI,43.3,-9.98,801096258.90,18:10
SARKY_SARKUYSAN,21.22,-4.33,43576348.78,18:10
SASA_SASA_POLYESTER,2.11,-6.64,5140891966.68,18:10
SAYAS_SAY_YENILENEBILIR_ENERJI,44.54,-5.19,54376045.26,18:10
SDTTR_SDT_UZAY_VE_SAVUNMA,16.5,-4.84,92973363.88,18:10
SEGMN_SEGMEN_KARDESLER_GIDA,26.22,-4.65,28972974.10,18:10
SEGYO_SEKER_GMYO,2.81,-6.02,6478130.28,18:10
SEKFK_SEKER_FIN_KIR,4.08,-2.16,1535369.94,18:10
SEKUR_SEKURO_PLASTIK,4.37,-9.90,1426962.32,18:10
SELEC_SELCUK_ECZA_DEPOSU,139.9,-9.97,618358.00,18:10
SELVA_SELVA_GIDA,1.18,-4.84,15338829.34,18:10
SERNT_SERANIT_GRANIT_SERAMIK,5.62,-3.10,20756888.67,18:10
SEYKM_SEYITLER_KIMYA,2.94,-2.65,3512290.75,18:10
SILVR_SILVERLINE_ENDUSTRI,1.75,-2.78,2002581.57,18:10
SISE_SISE_CAM,39.14,-3.12,1304876001.88,18:10
SKBNK_SEKERBANK,5.28,-4.69,277631220.10,18:10
SKTAS_SOKTAS,2.49,-4.60,14692938.39,18:10
SKYLP_SKYALP_FINANSAL_TEKNOLOJILER,75.65,-9.99,596122.00,18:10
SKYMD_SEKER_YATIRIM,15.71,1.09,66790636.70,18:10
SMART_SMARTIKS_YAZILIM,17.14,-3.98,11123068.07,18:10
SMRTG_SMART_GUNES_ENERJISI_TEK,4.9,-9.93,315890405.88,18:10
SMRVA_SUMER_VARLIK_YONETIM,7.29,-3.83,24683348.48,18:10
SNGYO_SINPAS_GMYO,2.75,-1.43,64799422.93,18:10
SNICA_SANICA_ISI_SANAYI,2.45,-5.04,18505962.03,18:10
SNPAM_SONMEZ_PAMUKLU,19,1.17,933742.93,18:10
SODSN_SODAS_SODYUM_SANAYII,6.07,-0.82,234980.02,18:10
SOHOE_SOHO_GIYIM_VE_ENERJI,7.85,-5.31,51663945.43,18:10
SOKE_SOKE_DEGIRMENCILIK,7.9,-2.47,13948159.50,18:10
SOKM_SOK_MARKETLER_TICARET,57.5,-1.79,148492444.50,18:10
SONME_SONMEZ_FILAMENT,123.7,-0.96,2921905.60,18:10
SRVGY_SERVET_GMYO,2.19,-0.90,19927855.65,18:10
SSAAT_SAAT_VE_SAAT_SANAYI,27.64,-3.02,32825618.72,18:10
SUMAS_SUMAS_SUNI_TAHTA,212.2,1.05,404020.30,18:10
SUNTK_SUN_TEKSTIL,25.1,-5.21,6822925.92,18:10
SURGY_SUR_TATIL_EVLERI_GMYO,21.66,-6.96,40573258.38,18:10
SUWEN_SUWEN_TEKSTIL,5.16,0,38193449.34,18:10
SVGYO_SAVUR_GMYO,7.46,-9.90,190513.48,18:10
TABGD_TAB_GIDA,215,-3.37,107954043.10,18:10
TARKM_TARKIM_BITKI_KORUMA,396,-2.94,31945376.25,18:10
TATEN_TATLIPINAR_ENERJI_URETIM,4.84,-3.39,56779177.52,18:10
TATGD_TAT_GIDA,16.7,-1.88,15999962.02,18:10
TAVHL_TAV_HAVALIMANLARI,272,-3.20,675890515.25,18:10
TBORG_TTUBORG,127.9,-0.08,16028907.30,18:10
TCELL_TURKCELL,99.45,-1.34,1149055275.40,18:10
TCKRC_KIRAC_GALVANIZ,123.4,-4.19,396104450.50,18:10
TDGYO_TREND_GMYO,10.8,-10.00,33873879.34,18:10
TEHOL_TERA_YATIRIM_TEK_HOL,22.9,-9.98,1865663.00,18:10
TEKTU_TEK-ART_TURIZM,4.89,-4.68,26755376.07,18:10
TERA_TERA_YATIRIM_MENKUL_DEGERLER,107.3,-9.98,4553060.90,18:10
TEZOL_EUROPAP_TEZOL_KAGIT,7.41,-5.61,29938165.99,18:10
TGSAS_TGS_DIS_TICARET,101.6,-7.64,188912938.50,18:10
THYAO_TURK_HAVA_YOLLARI,288.5,-3.35,7722325844.00,18:10
TKFEN_TEKFEN_HOLDING,274,3.01,2354673984.50,18:10
TKNKA_TEKNIKA_PLASTIK,75.1,-9.95,10047553.90,18:10
TKNSA_TEKNOSA_IC_VE_DIS_TICARET,14.3,-2.26,27536618.87,18:10
TLMAN_TRABZON_LIMAN,64.7,-3.14,10821961.95,18:10
TMPOL_TEMAPOL_POLIMER_PLASTIK,138.1,-9.97,709281.60,18:10
TMSN_TUMOSAN_MOTOR_VE_TRAKTOR,63.55,-1.01,55942368.20,18:10
TNZTP_TAPDI_TINAZTEPE,27.44,-4.12,62559565.74,18:10
TOASO_TOFAS_OTO_FAB,279.5,0.18,728972262.25,18:10
TRALT_TURK_ALTIN_ISLETMELERI,48.4,-3.49,3030888945.17,18:10
TRCAS_TURCAS_HOLDING,46.12,0.04,17076719.10,18:10
TRENJ_TR_DOGAL_ENERJI,101.3,-3.71,118839149.80,18:10
TRGYO_TORUNLAR_GMYO,91,-1.73,67109659.10,18:10
TRHOL_TERA_FINANSAL_YAT_HOL,2155.00,-9.98,1935190.00,18:10
TRILC_TURK_ILAC_SERUM,0.91,-2.15,1601412.08,18:10
TRMET_TR_ANADOLU_METAL_MADENCILIK,138.1,-3.29,980050626.90,18:10
TSGYO_TSKB_GMYO,5.14,-1.15,5303212.75,18:10
TSKB_TSKB,10.45,-2.97,188681413.89,18:10
TSPOR_TRABZONSPOR_SPORTIF,0.9,0,110103350.34,18:10
TTKOM_TURK_TELEKOM,54.55,0.09,1322209906.90,18:10
TTRAK_TURK_TRAKTOR,407.5,-1.51,23736147.75,18:10
TUCLK_TUGCELIK,3.98,-2.69,37584380.19,18:10
TUKAS_TUKAS,2.33,-0.43,787999245.48,18:10
TUPRS_TUPRAS,410.75,-0.06,6360940705.00,18:10
TUREX_TUREKS_TURIZM_TASIMACILIK,5.55,-0.54,172943796.78,18:10
TURGG_TURKER_PROJE_GAYRIMENKUL,24.88,-6.11,16920775.62,18:10
TURSG_TURKIYE_SIGORTA,5.93,-1.50,498756929.87,18:10
UCAYM_UCAY_MUHENDISLIK,16.3,-7.07,50262353.52,18:10
UFUK_UFUK_YATIRIM,668,-9.97,5400112.00,18:10
ULAS_ULASLAR_TURIZM_YAT,16.41,-3.75,1824053.69,18:10
ULKER_ULKER_BISKUVI,87.5,-2.94,288537438.10,18:10
ULUFA_ULUSAL_FAKTORING,1.51,0.67,21473848.57,18:10
ULUSE_ULUSOY_ELEKTRIK,172.2,-5.90,31325971.70,18:10
ULUUN_ULUSOY_UN_SANAYI,6.95,-2.39,24408608.47,18:10
UMPAS_UMPAS_HOLDING,9.3,0,0,18:10
UNLU_UNLU_YATIRIM_HOLDING,14.69,9.96,378362575.55,18:10
USAK_USAK_SERAMIK,0.73,-9.88,42649287.13,18:10
USHOL_US_YATIRIM_HOLDING,60.85,-5.80,33201841.20,18:10
VAKBN_VAKIFLAR_BANKASI,33.78,-1.92,1173389209.58,18:10
VAKFA_VAKIF_FAKTORING,9.67,-2.91,34294441.78,18:10
VAKFN_VAKIF_FIN_KIR,0.99,-2.94,40640294.38,18:10
VAKKO_VAKKO_TEKSTIL,62.15,-2.66,11081904.85,18:10
VANGD_VANET_GIDA,60.2,-4.06,10321965.95,18:10
VBTYZ_VBT_YAZILIM,27.4,-3.99,31709000.64,18:10
VERTU_VERUSATURK_GIRISIM,26.3,-4.57,5887439.34,18:10
VERUS_VERUSA_HOLDING,406.75,-3.90,14528489.50,18:10
VESBE_VESTEL_BEYAZ_ESYA,4.68,-4.68,66664675.88,18:10
VESTL_VESTEL,21.02,-5.66,160380189.68,18:10
VEYAS_TURKER_VANGOLU_ENERJI,84.85,-2.13,184501399.90,18:10
VKFYO_VAKIF_YAT_ORT,18.3,-3.79,2383358.83,18:10
VKGYO_VAKIF_GMYO,1.7,-2.86,22957289.08,18:10
VKING_VIKING_KAGIT,16.47,-1.44,15469727.20,18:10
VRGYO_VERA_KONSEPT_GMYO,1.15,-4.17,13674482.39,18:10
VSNMD_VISNE_MADENCILIK,30.36,-4.41,33417260.94,18:10
YAPRK_YAPRAK_SUT_VE_BESI_CIFT,9.25,-4.15,41721916.76,18:10
YATAS_YATAS,26.3,-3.38,22527990.62,18:10
YAYLA_YAYLA_EN_UR_TUR_VE_INS,15.49,-4.68,12234133.08,18:10
YBTAS_YIBITAS_INSAAT_MALZEME,10.9,-1.98,340230.65,18:10
YEOTK_YEO_TEKNOLOJI_ENERJI,29.48,-9.01,515579337.74,18:10
YESIL_YESIL_YATIRIM_HOLDING,0.89,-3.26,11665059.38,18:10
YGGYO_YENI_GIMAT_GMYO,204.3,-5.77,41086496.30,18:10
YIGIT_YIGIT_AKU,18.42,0.49,47549796.10,18:10
YKBNK_YAPI_VE_KREDI_BANK,35.7,-3.20,3630671634.08,18:10
YKSLN_YUKSELEN_CELIK,2.55,-6.25,104220859.02,18:10
YONGA_YONGA_MOBILYA,33.66,-1.23,419102.40,18:10
YUNSA_YUNSA,6.48,-3.86,19301282.99,18:10
YYAPI_YESIL_YAPI,0.61,-4.69,1643589.63,18:10
YYLGD_YAYLA_GIDA,8.55,-4.04,41786230.89,18:10
ZEDUR_ZEDUR_ENERJI,5.91,-3.90,3272184.61,18:10
ZERGY_ZERAY_GMYO,7.4,-5.13,36719623.78,18:10
ZGYO_Z_GMYO,16.21,9.97,234721886.97,18:10
ZOREN_ZORLU_ENERJI,2.05,-6.39,116676428.80,18:10
ZRGYO_ZIRAAT_GMYO,19,0.26,67414184.19,18:10
